{
	"class_name" : "PinholeCameraParameters",
	"extrinsic" : 
	[
		0.99856643596255357,
		0.051211787205748371,
		0.015570029551571248,
		0.0,
		0.05062337561435417,
		-0.99806553632133532,
		0.036089597518031508,
		0.0,
		0.017388122683362532,
		-0.035249653314587959,
		-0.99922725900104914,
		0.0,
		-612.14430224291561,
		328.57563266335575,
		400.59479412527145,
		1.0
	],
	"intrinsic" : 
	{
		"height" : 1061,
		"intrinsic_matrix" : 
		[
			918.85295341528945,
			0.0,
			0.0,
			0.0,
			918.85295341528945,
			0.0,
			959.5,
			530.0,
			1.0
		],
		"width" : 1920
	},
	"version_major" : 1,
	"version_minor" : 0
}