{
	"class_name" : "PinholeCameraParameters",
	"extrinsic" : 
	[
		-0.98043754497922631,
		0.15865258523375148,
		-0.11649711410054253,
		0.0,
		-0.15104818335885334,
		-0.98593799069896115,
		-0.071489333473502614,
		0.0,
		-0.12620089817072544,
		-0.052494149151526122,
		0.99061480788738443,
		0.0,
		1114.429243188468,
		600.85396629356671,
		1001.8092734673667,
		1.0
	],
	"intrinsic" : 
	{
		"height" : 1061,
		"intrinsic_matrix" : 
		[
			918.85295341528945,
			0.0,
			0.0,
			0.0,
			918.85295341528945,
			0.0,
			959.5,
			530.0,
			1.0
		],
		"width" : 1920
	},
	"version_major" : 1,
	"version_minor" : 0
}